dataset,zero_index_left,zero_index_right,source,gbar_upper_hp,lehmer_margin_to_0_8_hp,gap,normalized_gap,mid_height_approx,naive_collision_t_minus_gap2_over_8,trunc_dgap_dt,linear_collision_t,ext_corrected_collision_t,radius,window_zero_count,pair_pos_in_window,pair_gap,mid_height,avg_spacing,pair_normalized_gap,window_min_gap,window_min_normalized_gap,G_window,gbar_window,E_raw_inverse_gap2,E_norm_inverse_gap2,dgap_dt0_finite_flow,naive_pair_collision_t,linearized_collision_t,finite_ode_threshold_t,finite_ode_final_gap,finite_ode_min_any_gap_final,finite_ode_status
around_1e12,1000000008625,1000000008626,hp_cert_top20,0.0014258627321561,0.7985741372678438,0.0055569682999703,0.0216462265659802,267653397863.137,-3.85998708585938e-06,719.371920868874,-7.724750075397e-06,-3.86157880768185e-06,5,12,5,0.005556968299970322,267653397863.13702,0.2567176446680917,0.02164622656598024,0.005556968299970322,0.02164622656598024,35.924921398781365,0.0011093578612784752,32593.721339367396,2148.0549516055557,719.6173314715227,-3.859987085859381e-06,-7.722115709202075e-06,-3.860518548766181e-06,5.556968301129454e-06,5.556968301129454e-06,ok
around_1e12,1000000008625,1000000008626,hp_cert_top20,0.0014258627321561,0.7985741372678438,0.0055569682999703,0.0216462265659802,267653397863.137,-3.85998708585938e-06,719.371920868874,-7.724750075397e-06,-3.86157880768185e-06,10,22,10,0.005556968299970322,267653397863.13702,0.2567176446680917,0.02164622656598024,0.005556968299970322,0.02164622656598024,40.6594230744245,0.001255558783886172,32944.90730204715,2171.199493408994,719.5910221055219,-3.859987085859381e-06,-7.722398041752443e-06,-3.860589104101221e-06,5.556968649900889e-06,5.556968649900889e-06,ok
around_1e12,1000000008625,1000000008626,hp_cert_top20,0.0014258627321561,0.7985741372678438,0.0055569682999703,0.0216462265659802,267653397863.137,-3.85998708585938e-06,719.371920868874,-7.724750075397e-06,-3.86157880768185e-06,20,42,20,0.005556968299970322,267653397863.13702,0.2567176446680917,0.02164622656598024,0.005556968299970322,0.02164622656598024,43.273136716756355,0.0013362699911304554,33512.6030460386,2208.612884816172,719.5764977982483,-3.859987085859381e-06,-7.722553914661566e-06,-3.8606280533848655e-06,5.556968484675046e-06,5.556968484675046e-06,ok
around_1e12,1000000008625,1000000008626,hp_cert_top20,0.0014258627321561,0.7985741372678438,0.0055569682999703,0.0216462265659802,267653397863.137,-3.85998708585938e-06,719.371920868874,-7.724750075397e-06,-3.86157880768185e-06,40,82,40,0.005556968299970322,267653397863.13702,0.2567176446680917,0.02164622656598024,0.005556968299970322,0.02164622656598024,44.687615937054176,0.0013799489633189838,34958.60117929472,2303.9098721657447,719.5686375845514,-3.859987085859381e-06,-7.722638272040257e-06,-3.860649134586794e-06,5.5569683010211635e-06,5.5569683010211635e-06,ok
around_1e12,1000000008625,1000000008626,hp_cert_top20,0.0014258627321561,0.7985741372678438,0.0055569682999703,0.0216462265659802,267653397863.137,-3.85998708585938e-06,719.371920868874,-7.724750075397e-06,-3.86157880768185e-06,80,162,80,0.005556968299970322,267653397863.13702,0.2567176446680917,0.02164622656598024,0.005556968299970322,0.02164622656598024,45.417990462427746,0.001402502853205245,38294.07987063397,2523.73109001031,719.564578916799,-3.859987085859381e-06,-7.72268183119233e-06,-3.860659994242403e-06,5.556968305823013e-06,5.556968305823013e-06,ok
first_100k,95248,95249,hp_cert_top20,0.0020096669441776,0.7979903330558223,0.0147014760004822,0.021860466055516,71732.90855861,-2.70166745740943e-05,271.872487992508,-5.40748941131821e-05,-2.70305202302899e-05,5,12,5,0.014701476000482216,71732.90855861,0.6725142987869949,0.021860466055515955,0.014701476000482216,0.021860466055515955,7.840867906381513,0.001694673412841357,4663.112907480868,2109.0116381915677,271.9662611057138,-2.7016674574094324e-05,-5.405624925941724e-05,-2.7022371764949388e-05,1.4701475907876582e-05,1.4701475907876582e-05,ok
first_100k,95248,95249,hp_cert_top20,0.0020096669441776,0.7979903330558223,0.0147014760004822,0.021860466055516,71732.90855861,-2.70166745740943e-05,271.872487992508,-5.40748941131821e-05,-2.70305202302899e-05,10,22,10,0.014701476000482216,71732.90855861,0.6725142987869949,0.021860466055515955,0.014701476000482216,0.021860466055515955,8.49106207021568,0.0018352020859156214,4694.1919943694365,2123.067947196483,271.9567023297725,-2.7016674574094324e-05,-5.4058149236768305e-05,-2.7022846546274974e-05,1.4701476006709764e-05,1.4701476006709764e-05,ok
first_100k,95248,95249,hp_cert_top20,0.0020096669441776,0.7979903330558223,0.0147014760004822,0.021860466055516,71732.90855861,-2.70166745740943e-05,271.872487992508,-5.40748941131821e-05,-2.70305202302899e-05,20,42,20,0.014701476000482216,71732.90855861,0.6725142987869949,0.021860466055515955,0.014701476000482216,0.021860466055515955,8.878311038520938,0.0019188995207624767,4901.482150861512,2216.820202652916,271.95100920519184,-2.7016674574094324e-05,-5.405928091037049e-05,-2.7023129315519e-05,1.4701476009763169e-05,1.4701476009763169e-05,ok
first_100k,95248,95249,hp_cert_top20,0.0020096669441776,0.7979903330558223,0.0147014760004822,0.021860466055516,71732.90855861,-2.70166745740943e-05,271.872487992508,-5.40748941131821e-05,-2.70305202302899e-05,40,82,40,0.014701476000482216,71732.90855861,0.6725142987869949,0.021860466055515955,0.014701476000482216,0.021860466055515955,9.082196074684092,0.001962965886142856,5027.727537386904,2273.917895703176,271.94801179517214,-2.7016674574094324e-05,-5.40598767515726e-05,-2.7023278171457855e-05,1.4701475851761949e-05,1.4701475851761949e-05,ok
first_100k,95248,95249,hp_cert_top20,0.0020096669441776,0.7979903330558223,0.0147014760004822,0.021860466055516,71732.90855861,-2.70166745740943e-05,271.872487992508,-5.40748941131821e-05,-2.70305202302899e-05,80,162,80,0.014701476000482216,71732.90855861,0.6725142987869949,0.021860466055515955,0.014701476000482216,0.021860466055515955,9.188879750548628,0.0019860237913684586,5445.365241009966,2462.805189441142,271.9464433878032,-2.7016674574094324e-05,-5.406018853321609e-05,-2.702335596824887e-05,1.4701475942899375e-05,1.4701475942899375e-05,ok
first_100k,87761,87762,hp_cert_top20,0.0037553488840485,0.7962446511159514,0.0194846280064667,0.0287462028379411,66678.085599627,-4.74563410687981e-05,205.026050898491,-9.50348890839904e-05,-4.74970636149346e-05,5,12,5,0.019484628006466664,66678.085599627,0.6778157141766774,0.02874620283794108,0.019484628006466664,0.02874620283794108,8.434002233350192,0.0032019750924869752,2702.4358348478595,1241.5912901333834,205.12573502386505,-4.745634106879814e-05,-9.498870536259019e-05,-4.74752953706908e-05,1.9484627658658773e-05,1.9484627658658773e-05,ok
first_100k,87761,87762,hp_cert_top20,0.0037553488840485,0.7962446511159514,0.0194846280064667,0.0287462028379411,66678.085599627,-4.74563410687981e-05,205.026050898491,-9.50348890839904e-05,-4.74970636149346e-05,10,22,10,0.019484628006466664,66678.085599627,0.6778157141766774,0.02874620283794108,0.019484628006466664,0.02874620283794108,9.101372770445792,0.003455342803108382,2744.1971005029004,1260.7778414045126,205.1127316490116,-4.745634106879814e-05,-9.499472728883895e-05,-4.747679960698687e-05,1.9484626401710916e-05,1.9484626401710916e-05,ok
first_100k,87761,87762,hp_cert_top20,0.0037553488840485,0.7962446511159514,0.0194846280064667,0.0287462028379411,66678.085599627,-4.74563410687981e-05,205.026050898491,-9.50348890839904e-05,-4.74970636149346e-05,20,42,20,0.019484628006466664,66678.085599627,0.6778157141766774,0.02874620283794108,0.019484628006466664,0.02874620283794108,9.47667396472264,0.0035978261749414165,2805.467355913077,1288.9274886525868,205.105419059744,-4.745634106879814e-05,-9.499811411999357e-05,-4.747764554699378e-05,1.9484628004570146e-05,1.9484628004570146e-05,ok
first_100k,87761,87762,hp_cert_top20,0.0037553488840485,0.7962446511159514,0.0194846280064667,0.0287462028379411,66678.085599627,-4.74563410687981e-05,205.026050898491,-9.50348890839904e-05,-4.74970636149346e-05,40,82,40,0.019484628006466664,66678.085599627,0.6778157141766774,0.02874620283794108,0.019484628006466664,0.02874620283794108,9.67917518689202,0.0036747059114703657,3035.9267377804613,1394.8083971153687,205.10147340095335,-4.745634106879814e-05,-9.499994165510513e-05,-4.74781019548038e-05,1.948462801475338e-05,1.948462801475338e-05,ok
first_100k,87761,87762,hp_cert_top20,0.0037553488840485,0.7962446511159514,0.0194846280064667,0.0287462028379411,66678.085599627,-4.74563410687981e-05,205.026050898491,-9.50348890839904e-05,-4.74970636149346e-05,80,162,80,0.019484628006466664,66678.085599627,0.6778157141766774,0.02874620283794108,0.019484628006466664,0.02874620283794108,9.784057304384197,0.0037145244837881774,3388.1187933500523,1556.6174521207379,205.09942981220462,-4.745634106879814e-05,-9.500088822434754e-05,-4.747833829274006e-05,1.9484602188611664e-05,1.9484602188611664e-05,ok
first_100k,82552,82553,hp_cert_top20,0.0045577499996501,0.7954422500003498,0.0208495010010665,0.0305787712062527,63137.2219576375,-5.43377114991843e-05,191.562025015128,-0.0001088394268092,-5.43923588233742e-05,5,12,5,0.020849501001066528,63137.2219576375,0.6818292618901334,0.03057877120625268,0.020849501001066528,0.03057877120625268,9.044017451929157,0.003931449688772113,2322.6700956144,1079.7887540979889,191.6626046147538,-5.433771149918427e-05,-0.00010878231068065938,-5.436437343046644e-05,2.0849500117978893e-05,2.0849500117978893e-05,ok
first_100k,82552,82553,hp_cert_top20,0.0045577499996501,0.7954422500003498,0.0208495010010665,0.0305787712062527,63137.2219576375,-5.43377114991843e-05,191.562025015128,-0.0001088394268092,-5.43923588233742e-05,10,22,10,0.020849501001066528,63137.2219576375,0.6818292618901334,0.03057877120625268,0.020849501001066528,0.03057877120625268,9.703437888970555,0.004218100868489085,2353.008808093909,1093.8929528006117,191.64885613671066,-5.433771149918427e-05,-0.00010879011449039779,-5.4366322406100455e-05,2.084950101900561e-05,2.084950101900561e-05,ok
first_100k,82552,82553,hp_cert_top20,0.0045577499996501,0.7954422500003498,0.0208495010010665,0.0305787712062527,63137.2219576375,-5.43377114991843e-05,191.562025015128,-0.0001088394268092,-5.43923588233742e-05,20,42,20,0.020849501001066528,63137.2219576375,0.6818292618901334,0.03057877120625268,0.020849501001066528,0.03057877120625268,10.075519932847284,0.004379845562522689,2444.992680977735,1136.655440545158,191.6410984297617,-5.433771149918427e-05,-0.0001087945183569696,-5.4367422170025924e-05,2.0849500992263242e-05,2.0849500992263242e-05,ok
first_100k,82552,82553,hp_cert_top20,0.0045577499996501,0.7954422500003498,0.0208495010010665,0.0305787712062527,63137.2219576375,-5.43377114991843e-05,191.562025015128,-0.0001088394268092,-5.43923588233742e-05,40,82,40,0.020849501001066528,63137.2219576375,0.6818292618901334,0.03057877120625268,0.020849501001066528,0.03057877120625268,10.27487938745925,0.004466507454757408,2597.4442368486434,1207.5288185100142,191.6369418872049,-5.433771149918427e-05,-0.00010879687807447002,-5.436801136676897e-05,2.084949824900062e-05,2.084949824900062e-05,ok
first_100k,82552,82553,hp_cert_top20,0.0045577499996501,0.7954422500003498,0.0208495010010665,0.0305787712062527,63137.2219576375,-5.43377114991843e-05,191.562025015128,-0.0001088394268092,-5.43923588233742e-05,80,162,80,0.020849501001066528,63137.2219576375,0.6818292618901334,0.03057877120625268,0.020849501001066528,0.03057877120625268,10.37853842095032,0.0045115682120063835,2905.7835383908955,1350.8730286414502,191.6347806484356,-5.433771149918427e-05,-0.00010879810507527895,-5.4368317692288416e-05,2.0849501044664312e-05,2.0849501044664312e-05,ok
around_1e21,1000000000000000001635,1000000000000000001636,hp_cert_top20,0.0057798887728786,0.7942201112271213,0.0053001200000153,0.037604769672614,1.44176897509547e+20,-3.51140900182033e-06,753.271195889028,-7.03613788624961e-06,-3.51584685911878e-06,5,12,5,0.00530012000001534,1.44176897509547e+20,0.14094275928713387,0.037604769672613954,0.00530012000001534,0.037604769672613954,173.45462861318347,0.004872561154557872,36336.80157291395,721.8255268006668,753.7808865312036,-3.5114090018203263e-06,-7.031380199099724e-06,-3.51354547721078e-06,5.300121089875574e-06,5.300121089875574e-06,ok
around_1e21,1000000000000000001635,1000000000000000001636,hp_cert_top20,0.0057798887728786,0.7942201112271213,0.0053001200000153,0.037604769672614,1.44176897509547e+20,-3.51140900182033e-06,753.271195889028,-7.03613788624961e-06,-3.51584685911878e-06,10,22,10,0.00530012000001534,1.44176897509547e+20,0.14094275928713387,0.037604769672613954,0.00530012000001534,0.037604769672613954,187.32950539570555,0.005262324092424239,37238.99598499348,739.7474937483951,753.7073488051325,-3.5114090018203263e-06,-7.032066236872611e-06,-3.513716764257945e-06,5.300120000487032e-06,5.300120000487032e-06,ok
around_1e21,1000000000000000001635,1000000000000000001636,hp_cert_top20,0.0057798887728786,0.7942201112271213,0.0053001200000153,0.037604769672614,1.44176897509547e+20,-3.51140900182033e-06,753.271195889028,-7.03613788624961e-06,-3.51584685911878e-06,20,42,20,0.00530012000001534,1.44176897509547e+20,0.14094275928713387,0.037604769672613954,0.00530012000001534,0.037604769672613954,196.12274252997764,0.005509337308651629,38588.90850236688,766.563318802029,753.6607437581337,-3.5114090018203263e-06,-7.032501087407394e-06,-3.513825323229302e-06,5.300120059689021e-06,5.300120059689021e-06,ok
around_1e21,1000000000000000001635,1000000000000000001636,hp_cert_top20,0.0057798887728786,0.7942201112271213,0.0053001200000153,0.037604769672614,1.44176897509547e+20,-3.51140900182033e-06,753.271195889028,-7.03613788624961e-06,-3.51584685911878e-06,40,82,40,0.00530012000001534,1.44176897509547e+20,0.14094275928713387,0.037604769672613954,0.00530012000001534,0.037604769672613954,200.82593360970054,0.005641455928608589,42218.844181899076,838.6714879504107,753.6358163049531,-3.5114090018203263e-06,-7.032733696232248e-06,-3.5138833527170923e-06,5.30012003775042e-06,5.30012003775042e-06,ok
around_1e21,1000000000000000001635,1000000000000000001636,hp_cert_top20,0.0057798887728786,0.7942201112271213,0.0053001200000153,0.037604769672614,1.44176897509547e+20,-3.51140900182033e-06,753.271195889028,-7.03613788624961e-06,-3.51584685911878e-06,80,162,80,0.00530012000001534,1.44176897509547e+20,0.14094275928713387,0.037604769672613954,0.00530012000001534,0.037604769672613954,203.2484709647906,0.0057095080844158635,49753.615771084456,988.3486812161107,753.6229765694329,-3.5114090018203263e-06,-7.032853515350628e-06,-3.5139132598407508e-06,5.300123658953896e-06,5.300123658953896e-06,ok
first_100k,73997,73998,hp_cert_top20,0.005971349978877,0.7940286500211229,0.0258392800024012,0.0374961568953493,57273.674851345,-8.34585488803114e-05,154.502509885978,-0.0001672418138803,-8.35667349855205e-05,5,12,5,0.02583928000240121,57273.674851345,0.6891180894756203,0.0374961568953493,0.02583928000240121,0.0374961568953493,7.545195205932096,0.0050376883432462,1586.448002386824,753.3783626601913,154.60816509730438,-8.345854888031139e-05,-0.00016712752516103512,-8.351105314885527e-05,2.5839279926008745e-05,2.5839279926008745e-05,ok
first_100k,73997,73998,hp_cert_top20,0.005971349978877,0.7940286500211229,0.0258392800024012,0.0374961568953493,57273.674851345,-8.34585488803114e-05,154.502509885978,-0.0001672418138803,-8.35667349855205e-05,10,22,10,0.02583928000240121,57273.674851345,0.6891180894756203,0.0374961568953493,0.02583928000240121,0.0374961568953493,8.17763314362497,0.0054599471635398324,1627.9892354346714,773.1056188257808,154.5918235497325,-8.345854888031139e-05,-0.00016714519182891105,-8.351546406527262e-05,2.583928001102614e-05,2.583928001102614e-05,ok
first_100k,73997,73998,hp_cert_top20,0.005971349978877,0.7940286500211229,0.0258392800024012,0.0374961568953493,57273.674851345,-8.34585488803114e-05,154.502509885978,-0.0001672418138803,-8.35667349855205e-05,20,42,20,0.02583928000240121,57273.674851345,0.6891180894756203,0.0374961568953493,0.02583928000240121,0.0374961568953493,8.542799930987778,0.005703757484920514,1695.2144338604505,805.0297725599862,154.58238793563072,-8.345854888031139e-05,-0.00016715539426885345,-8.35180110955668e-05,2.5839281481113403e-05,2.5839281481113403e-05,ok
first_100k,73997,73998,hp_cert_top20,0.005971349978877,0.7940286500211229,0.0258392800024012,0.0374961568953493,57273.674851345,-8.34585488803114e-05,154.502509885978,-0.0001672418138803,-8.35667349855205e-05,40,82,40,0.02583928000240121,57273.674851345,0.6891180894756203,0.0374961568953493,0.02583928000240121,0.0374961568953493,8.7381002662986,0.005834153345567549,1821.9236712380095,865.2019292558292,154.57734152032333,-8.345854888031139e-05,-0.0001671608513140585,-8.351937327787162e-05,2.5839279570603736e-05,2.5839279570603736e-05,ok
first_100k,73997,73998,hp_cert_top20,0.005971349978877,0.7940286500211229,0.0258392800024012,0.0374961568953493,57273.674851345,-8.34585488803114e-05,154.502509885978,-0.0001672418138803,-8.35667349855205e-05,80,162,80,0.02583928000240121,57273.674851345,0.6891180894756203,0.0374961568953493,0.02583928000240121,0.0374961568953493,8.839601722049995,0.005901922659217553,2125.0401730090416,1009.1470276492048,154.57471879643265,-8.345854888031139e-05,-0.00016716368759130837,-8.352008115241344e-05,2.5839280002566903e-05,2.5839280002566903e-05,ok
around_1e12,1000000004240,1000000004241,hp_cert_top20,0.0065026615366694,0.7934973384633305,0.0113810798000031,0.0443330641053597,267653396737.472,-1.61911221767549e-05,350.705456095554,-3.24519610464864e-05,-1.62143485769786e-05,5,12,5,0.011381079800003135,267653396737.4725,0.2567176447122048,0.04433306410535971,0.011381079800003135,0.04433306410535971,40.4036083108818,0.0052334380683459044,7930.698371569373,522.6643418595594,351.00077857053475,-1.6191122176754927e-05,-3.2424656852195756e-05,-1.6201704785453817e-05,1.1381079799585381e-05,1.1381079799585381e-05,ok
around_1e12,1000000004240,1000000004241,hp_cert_top20,0.0065026615366694,0.7934973384633305,0.0113810798000031,0.0443330641053597,267653396737.472,-1.61911221767549e-05,350.705456095554,-3.24519610464864e-05,-1.62143485769786e-05,10,22,10,0.011381079800003135,267653396737.4725,0.2567176447122048,0.04433306410535971,0.011381079800003135,0.04433306410535971,44.64980768544698,0.005783443931229465,8164.9930091146925,538.1052837282913,350.9524529819523,-1.6191122176754927e-05,-3.242912167531824e-05,-1.6202819465881316e-05,1.1381079774392575e-05,1.1381079774392575e-05,ok
around_1e12,1000000004240,1000000004241,hp_cert_top20,0.0065026615366694,0.7934973384633305,0.0113810798000031,0.0443330641053597,267653396737.472,-1.61911221767549e-05,350.705456095554,-3.24519610464864e-05,-1.62143485769786e-05,20,42,20,0.011381079800003135,267653396737.4725,0.2567176447122048,0.04433306410535971,0.011381079800003135,0.04433306410535971,47.297594378261124,0.006126409033960183,8675.714641122757,571.763856171781,350.92231846006626,-1.6191122176754927e-05,-3.2431906439995384e-05,-1.6203514601018574e-05,1.1381079331428245e-05,1.1381079331428245e-05,ok
around_1e12,1000000004240,1000000004241,hp_cert_top20,0.0065026615366694,0.7934973384633305,0.0113810798000031,0.0443330641053597,267653396737.472,-1.61911221767549e-05,350.705456095554,-3.24519610464864e-05,-1.62143485769786e-05,40,82,40,0.011381079800003135,267653396737.4725,0.2567176447122048,0.04433306410535971,0.011381079800003135,0.04433306410535971,48.7198848720748,0.006310636867209577,10491.610844390985,691.4385871348055,350.9061312800335,-1.6191122176754927e-05,-3.243340251276686e-05,-1.620388801158372e-05,1.1381079031059507e-05,1.1381079031059507e-05,ok
around_1e12,1000000004240,1000000004241,hp_cert_top20,0.0065026615366694,0.7934973384633305,0.0113810798000031,0.0443330641053597,267653396737.472,-1.61911221767549e-05,350.705456095554,-3.24519610464864e-05,-1.62143485769786e-05,80,162,80,0.011381079800003135,267653396737.4725,0.2567176447122048,0.04433306410535971,0.011381079800003135,0.04433306410535971,49.449765002530285,0.006405177494142302,13022.917897515334,858.2617183370438,350.8978244588669,-1.6191122176754927e-05,-3.2434170310272905e-05,-1.620407960205216e-05,1.1381080137516731e-05,1.1381080137516731e-05,ok
around_1e21,1000000000000000006362,1000000000000000006363,hp_cert_top20,0.0127810388140078,0.7872189611859921,0.009248750000097,0.0656206111394141,1.44176897509547e+20,-1.06924220705369e-05,430.780817021394,-2.14697350361303e-05,-1.07206909975578e-05,5,12,5,0.009248750000097061,1.44176897509547e+20,0.14094275928713387,0.06562061113941413,0.009248750000097061,0.06562061113941413,113.8662192767447,0.009740045408666097,12643.265332182242,251.1567134099634,431.43813893454876,-1.0692422070536924e-05,-2.1437024605513934e-05,-1.0705445307192172e-05,9.248750133131003e-06,9.248750133131003e-06,ok
around_1e21,1000000000000000006362,1000000000000000006363,hp_cert_top20,0.0127810388140078,0.7872189611859921,0.009248750000097,0.0656206111394141,1.44176897509547e+20,-1.06924220705369e-05,430.780817021394,-2.14697350361303e-05,-1.07206909975578e-05,10,22,10,0.009248750000097061,1.44176897509547e+20,0.14094275928713387,0.06562061113941413,0.009248750000097061,0.06562061113941413,130.98302577021863,0.01120420636488954,13960.146349994087,277.3163723031224,431.2798364795249,-1.0692422070536924e-05,-2.1444893124596954e-05,-1.0707407352750997e-05,9.248750226980722e-06,9.248750226980722e-06,ok
around_1e21,1000000000000000006362,1000000000000000006363,hp_cert_top20,0.0127810388140078,0.7872189611859921,0.009248750000097,0.0656206111394141,1.44176897509547e+20,-1.06924220705369e-05,430.780817021394,-2.14697350361303e-05,-1.07206909975578e-05,20,42,20,0.009248750000097061,1.44176897509547e+20,0.14094275928713387,0.06562061113941413,0.009248750000097061,0.06562061113941413,139.83963602546896,0.011961795284596597,15376.690913542832,305.45583371852615,431.19792482670914,-1.0692422070536924e-05,-2.1448966860900297e-05,-1.0708422824391022e-05,9.248749950567332e-06,9.248749950567332e-06,ok
around_1e21,1000000000000000006362,1000000000000000006363,hp_cert_top20,0.0127810388140078,0.7872189611859921,0.009248750000097,0.0656206111394141,1.44176897509547e+20,-1.06924220705369e-05,430.780817021394,-2.14697350361303e-05,-1.07206909975578e-05,40,82,40,0.009248750000097061,1.44176897509547e+20,0.14094275928713387,0.06562061113941413,0.009248750000097061,0.06562061113941413,144.4919446902374,0.012359750867365559,19246.763533868587,382.3342899117044,431.15489690993036,-1.0692422070536924e-05,-2.1451107401034933e-05,-1.0708956270866639e-05,9.248749701116227e-06,9.248749701116227e-06,ok
around_1e21,1000000000000000006362,1000000000000000006363,hp_cert_top20,0.0127810388140078,0.7872189611859921,0.009248750000097,0.0656206111394141,1.44176897509547e+20,-1.06924220705369e-05,430.780817021394,-2.14697350361303e-05,-1.07206909975578e-05,80,162,80,0.009248750000097061,1.44176897509547e+20,0.14094275928713387,0.06562061113941413,0.009248750000097061,0.06562061113941413,146.919309886511,0.01256738617294867,33920.16159934714,673.8193086830076,431.1324468329934,-1.0692422070536924e-05,-2.1452224410471533e-05,-1.0709234514596844e-05,9.248740453975952e-06,9.248740453975952e-06,ok
around_1e12,1000000008732,1000000008733,hp_cert_top20,0.0167779772059082,0.7832220227940917,0.0147160977003296,0.0573240601339176,267653397890.662,-2.70704414407056e-05,270.48949109157,-5.44054323180623e-05,-2.71585170736694e-05,5,12,5,0.014716097700329556,267653397890.6625,0.2567176446670131,0.05732406013391763,0.014716097700329556,0.05732406013391763,67.53040728245652,0.014624623486453908,4874.413697050034,321.2431121017096,270.81834196074146,-2.7070441440705604e-05,-5.433936857372401e-05,-2.7119991951539865e-05,1.4716110308804394e-05,1.4716110308804394e-05,ok
around_1e12,1000000008732,1000000008733,hp_cert_top20,0.0167779772059082,0.7832220227940917,0.0147160977003296,0.0573240601339176,267653397890.662,-2.70704414407056e-05,270.48949109157,-5.44054323180623e-05,-2.71585170736694e-05,10,22,10,0.014716097700329556,267653397890.6625,0.2567176446670131,0.05732406013391763,0.014716097700329556,0.05732406013391763,71.91618418336432,0.015574422820598099,5318.964412641975,350.54075982706047,270.7538021739689,-2.7070441440705604e-05,-5.435232148974197e-05,-2.7123218025866916e-05,1.4716097677956421e-05,1.4716097677956421e-05,ok
around_1e12,1000000008732,1000000008733,hp_cert_top20,0.0167779772059082,0.7832220227940917,0.0147160977003296,0.0573240601339176,267653397890.662,-2.70704414407056e-05,270.48949109157,-5.44054323180623e-05,-2.71585170736694e-05,20,42,20,0.014716097700329556,267653397890.6625,0.2567176446670131,0.05732406013391763,0.014716097700329556,0.05732406013391763,74.57813789508788,0.016150904917166753,6159.071934113779,405.9071631467018,270.71462892642205,-2.7070441440705604e-05,-5.4360186439460083e-05,-2.7125176401564043e-05,1.471609772815799e-05,1.471609772815799e-05,ok
around_1e12,1000000008732,1000000008733,hp_cert_top20,0.0167779772059082,0.7832220227940917,0.0147160977003296,0.0573240601339176,267653397890.662,-2.70704414407056e-05,270.48949109157,-5.44054323180623e-05,-2.71585170736694e-05,40,82,40,0.014716097700329556,267653397890.6625,0.2567176446670131,0.05732406013391763,0.014716097700329556,0.05732406013391763,75.98536794627634,0.016455659626721138,7427.073534954699,489.4734760861645,270.6939200371056,-2.7070441440705604e-05,-5.4364345155267374e-05,-2.712621169719119e-05,1.471609769936749e-05,1.471609769936749e-05,ok
around_1e12,1000000008732,1000000008733,hp_cert_top20,0.0167779772059082,0.7832220227940917,0.0147160977003296,0.0573240601339176,267653397890.662,-2.70704414407056e-05,270.48949109157,-5.44054323180623e-05,-2.71585170736694e-05,80,162,80,0.014716097700329556,267653397890.6625,0.2567176446670131,0.05732406013391763,0.014716097700329556,0.05732406013391763,76.71681242505868,0.016614063826161176,11037.212259377346,727.3958747644488,270.6831560348881,-2.7070441440705604e-05,-5.4366507010997064e-05,-2.712674946637956e-05,1.4716141996025574e-05,1.4716141996025574e-05,ok
around_1e12,1000000003033,1000000003034,hp_cert_top20,0.028551832400029,0.7714481675999709,0.0224283326999739,0.0873657621939313,267653396427.5,-6.28787634625899e-05,176.896394767531,-0.0001267879581686,-6.32215392451997e-05,5,12,5,0.022428332699973907,267653396427.4995,0.2567176447243522,0.08736576219393134,0.022428332699973907,0.08736576219393134,46.86010272783315,0.023572042522048663,2128.346302942045,140.2664264435484,177.2961983026315,-6.287876346258986e-05,-0.00012650205088825652,-6.306452155233424e-05,2.2428368045872e-05,2.2428368045872e-05,ok
around_1e12,1000000003033,1000000003034,hp_cert_top20,0.028551832400029,0.7714481675999709,0.0224283326999739,0.0873657621939313,267653396427.5,-6.28787634625899e-05,176.896394767531,-0.0001267879581686,-6.32215392451997e-05,10,22,10,0.022428332699973907,267653396427.4995,0.2567176447243522,0.08736576219393134,0.022428332699973907,0.08736576219393134,51.23785387165187,0.025774183151410737,2316.439866159277,152.66253506226556,177.19801890011894,-6.287876346258986e-05,-0.00012657214137713394,-6.30819371057263e-05,2.2428332696774165e-05,2.2428332696774165e-05,ok
around_1e12,1000000003033,1000000003034,hp_cert_top20,0.028551832400029,0.7714481675999709,0.0224283326999739,0.0873657621939313,267653396427.5,-6.28787634625899e-05,176.896394767531,-0.0001267879581686,-6.32215392451997e-05,20,42,20,0.022428332699973907,267653396427.4995,0.2567176447243522,0.08736576219393134,0.022428332699973907,0.08736576219393134,53.86735011343745,0.027096898929114776,2935.5568952932886,193.464792245193,177.13904477286908,-6.287876346258986e-05,-0.00012661428048645022,-6.3092401982865e-05,2.2428331346234206e-05,2.2428331346234206e-05,ok
around_1e12,1000000003033,1000000003034,hp_cert_top20,0.028551832400029,0.7714481675999709,0.0224283326999739,0.0873657621939313,267653396427.5,-6.28787634625899e-05,176.896394767531,-0.0001267879581686,-6.32215392451997e-05,40,82,40,0.022428332699973907,267653396427.4995,0.2567176447243522,0.08736576219393134,0.022428332699973907,0.08736576219393134,55.27758262193243,0.02780628833974606,3789.8759365731976,249.76779086781627,177.10741577085915,-6.287876346258986e-05,-0.00012663689209373136,-6.309801664576475e-05,2.24283326868973e-05,2.24283326868973e-05,ok
around_1e12,1000000003033,1000000003034,hp_cert_top20,0.028551832400029,0.7714481675999709,0.0224283326999739,0.0873657621939313,267653396427.5,-6.28787634625899e-05,176.896394767531,-0.0001267879581686,-6.32215392451997e-05,80,162,80,0.022428332699973907,267653396427.4995,0.2567176447243522,0.08736576219393134,0.022428332699973907,0.08736576219393134,56.00669679825363,0.02817305472238703,6970.482906609411,459.38235076895944,177.0910629772202,-6.287876346258986e-05,-0.00012664858589085852,-6.310091967160675e-05,2.242833270564687e-05,2.242833270564687e-05,ok
first_100k,44555,44556,top_normalized_gap,,,0.0295376279973425,0.0407462892486608,36510.181154115,-0.0001090589334636,135.159271499616,-0.0002185394140528,-0.0001091993813333,5,12,5,0.029537627997342497,36510.181154115,0.7249157786389909,0.04074628924866081,0.029537627997342497,0.04074628924866081,5.356728094176749,0.0046735924224465195,1173.4451445912996,616.6488101859638,135.26229768219673,-0.00010905893346367392,-0.0002183729576052459,-0.00010912257356248241,2.9537627877372103e-05,2.9537627877372103e-05,ok
first_100k,44555,44556,top_normalized_gap,,,0.0295376279973425,0.0407462892486608,36510.181154115,-0.0001090589334636,135.159271499616,-0.0002185394140528,-0.0001091993813333,10,22,10,0.029537627997342497,36510.181154115,0.7249157786389909,0.04074628924866081,0.029537627997342497,0.04074628924866081,5.930837987555156,0.00517448692374886,1196.8778871357038,628.9627840227499,135.24534007653773,-0.00010905893346367392,-0.0002184003380865221,-0.00010912941034073717,2.9537628577082978e-05,2.9537628577082978e-05,ok
first_100k,44555,44556,top_normalized_gap,,,0.0295376279973425,0.0407462892486608,36510.181154115,-0.0001090589334636,135.159271499616,-0.0002185394140528,-0.0001091993813333,20,42,20,0.029537627997342497,36510.181154115,0.7249157786389909,0.04074628924866081,0.029537627997342497,0.04074628924866081,6.260840663672951,0.00546240484292938,1270.5362890701085,667.6704868262499,135.23559262032944,-0.00010905893346367392,-0.00021841607985753167,-0.000109133340548057,2.9537620831496253e-05,2.9537620831496253e-05,ok
first_100k,44555,44556,top_normalized_gap,,,0.0295376279973425,0.0407462892486608,36510.181154115,-0.0001090589334636,135.159271499616,-0.0002185394140528,-0.0001091993813333,40,82,40,0.029537627997342497,36510.181154115,0.7249157786389909,0.04074628924866081,0.029537627997342497,0.04074628924866081,6.437681133713914,0.0056166931073764375,1389.5344283859088,730.204352479586,135.23036917813207,-0.00010905893346367392,-0.0002184245164518784,-0.00010913544662747963,2.9537631385898607e-05,2.9537631385898607e-05,ok
first_100k,44555,44556,top_normalized_gap,,,0.0295376279973425,0.0407462892486608,36510.181154115,-0.0001090589334636,135.159271499616,-0.0002185394140528,-0.0001091993813333,80,162,80,0.029537627997342497,36510.181154115,0.7249157786389909,0.04074628924866081,0.029537627997342497,0.04074628924866081,6.52936082144546,0.005696681019090718,1696.8187345815998,891.6831422447343,135.22766117840663,-0.00010905893346367392,-0.00021842889050911955,-0.00010913653841173767,2.9537630203507257e-05,2.9537630203507257e-05,ok
first_100k,6709,6710,top_normalized_gap,,,0.0376984990007259,0.0420983999766036,7005.0817154245,-0.0001776471033634,105.867853686374,-0.0003560901415117,-0.0001779122664989,5,12,5,0.03769849900072586,7005.0817154245,0.8954853158713156,0.0420983999766036,0.03769849900072586,0.0420983999766036,4.0435602613670065,0.005746614141659748,725.9481519399973,582.1334317375906,105.95264176343302,-0.00017764710336346608,-0.0003558051821388052,-0.00017777462583423246,3.7698499001564804e-05,3.7698499001564804e-05,ok
first_100k,6709,6710,top_normalized_gap,,,0.0376984990007259,0.0420983999766036,7005.0817154245,-0.0001776471033634,105.867853686374,-0.0003560901415117,-0.0001779122664989,10,22,10,0.03769849900072586,7005.0817154245,0.8954853158713156,0.0420983999766036,0.03769849900072586,0.0420983999766036,4.424884784158015,0.006288543716981977,740.4757524249101,593.7830266881317,105.93826662400927,-0.00017764710336346608,-0.0003558534626068922,-0.0001777866779591047,3.769848278577378e-05,3.769848278577378e-05,ok
first_100k,6709,6710,top_normalized_gap,,,0.0376984990007259,0.0420983999766036,7005.0817154245,-0.0001776471033634,105.867853686374,-0.0003560901415117,-0.0001779122664989,20,42,20,0.03769849900072586,7005.0817154245,0.8954853158713156,0.0420983999766036,0.03769849900072586,0.0420983999766036,4.640890585875823,0.006595526156860952,781.9030658390151,627.0033387186458,105.930123565395,-0.00017764710336346608,-0.0003558808177680737,-0.0001777935057363983,3.769849585653597e-05,3.769849585653597e-05,ok
first_100k,6709,6710,top_normalized_gap,,,0.0376984990007259,0.0420983999766036,7005.0817154245,-0.0001776471033634,105.867853686374,-0.0003560901415117,-0.0001779122664989,40,82,40,0.03769849900072586,7005.0817154245,0.8954853158713156,0.0420983999766036,0.03769849900072586,0.0420983999766036,4.756844914758788,0.006760317762049059,863.8132926907795,692.6866541512932,105.92575226644658,-0.00017764710336346608,-0.000355895504106487,-0.00017779717099844988,3.769849676380085e-05,3.769849676380085e-05,ok
first_100k,6709,6710,top_normalized_gap,,,0.0376984990007259,0.0420983999766036,7005.0817154245,-0.0001776471033634,105.867853686374,-0.0003560901415117,-0.0001779122664989,80,162,80,0.03769849900072586,7005.0817154245,0.8954853158713156,0.0420983999766036,0.03769849900072586,0.0420983999766036,4.816934046183318,0.006845715043178615,1114.6099236296766,893.7989554176146,105.92348699708725,-0.00017764710336346608,-0.00035590311525301766,-0.00017779907023795374,3.769851310719629e-05,3.769851310719629e-05,ok
first_100k,18859,18860,top_normalized_gap,,,0.0353073209989816,0.0444574507631549,17143.8041898445,-0.0001558258645156,112.920057239321,-0.0003126753728449,-0.0001561667993004,5,12,5,0.035307320998981595,17143.8041898445,0.794182311241367,0.044457450763154854,0.035307320998981595,0.044457450763154854,7.754443011675463,0.009666742289052788,816.0001640155075,514.6721469355326,113.01736157540793,-0.00015582586451564083,-0.0003124061693426075,-0.00015601422757477738,3.530730035510661e-05,3.530730035510661e-05,ok
first_100k,18859,18860,top_normalized_gap,,,0.0353073209989816,0.0444574507631549,17143.8041898445,-0.0001558258645156,112.920057239321,-0.0003126753728449,-0.0001561667993004,10,22,10,0.035307320998981595,17143.8041898445,0.794182311241367,0.044457450763154854,0.035307320998981595,0.044457450763154854,8.242384994351289,0.01027501413932428,841.1380523330961,530.5272552068013,113.00013394762958,-0.00015582586451564083,-0.00031245379775695606,-0.0001560261051904985,3.5307320447331484e-05,3.5307320447331484e-05,ok
first_100k,18859,18860,top_normalized_gap,,,0.0353073209989816,0.0444574507631549,17143.8041898445,-0.0001558258645156,112.920057239321,-0.0003126753728449,-0.0001561667993004,20,42,20,0.035307320998981595,17143.8041898445,0.794182311241367,0.044457450763154854,0.035307320998981595,0.044457450763154854,8.515619405204133,0.010615630045616808,909.2322548967636,573.4760081271987,112.99048681936296,-0.00015582586451564083,-0.00031248047506359666,-0.00015603275706311585,3.530732050798756e-05,3.530732050798756e-05,ok
first_100k,18859,18860,top_normalized_gap,,,0.0353073209989816,0.0444574507631549,17143.8041898445,-0.0001558258645156,112.920057239321,-0.0003126753728449,-0.0001561667993004,40,82,40,0.035307320998981595,17143.8041898445,0.794182311241367,0.044457450763154854,0.035307320998981595,0.044457450763154854,8.663144402150458,0.010799535727111436,1044.1155413859465,658.5503423056279,112.98527811386225,-0.00015582586451564083,-0.0003124948806463106,-0.00015603634855529375,3.5307301225514956e-05,3.5307301225514956e-05,ok
first_100k,18859,18860,top_normalized_gap,,,0.0353073209989816,0.0444574507631549,17143.8041898445,-0.0001558258645156,112.920057239321,-0.0003126753728449,-0.0001561667993004,80,162,80,0.035307320998981595,17143.8041898445,0.794182311241367,0.044457450763154854,0.035307320998981595,0.044457450763154854,8.739507628102773,0.010894730652721217,1357.6819796130885,856.3247044762513,112.98258193386164,-0.00015582586451564083,-0.0003125023379236455,-0.0001560382073558064,3.530732125158876e-05,3.530732125158876e-05,ok
